{"cameraMode":{"drawMode":0,"name":"Shaded","section":"Shading Mode"},"sceneLighting":false,"audioPlay":false,"sceneViewState":{"showFog":true,"showMaterialUpdate":false,"showSkybox":false,"showFlares":true,"showImageEffects":true,"showParticleSystems":true},"in2DMode":false,"pivot":{"x":-1.2820096015930176,"y":0.1849217265844345,"z":-3.382366180419922},"rotation":{"x":-0.0010741699952632189,"y":0.9838259816169739,"z":0.0059030246920883659,"w":0.17902639508247376},"size":19.323591232299806,"orthographic":false}